اسم المورد,المدينة,النشاط,البريد الإلكتروني,الجوال,اسم مسؤول التواصل
شركة تشيدان للانارة والكهرباء,الرياض,إنارة وكهرباء,tshydan@hotmail.com,,خالد
اف سي بي لاينز — مصنع اعمار عيان الصناعي,Jeddah,خطوط إنتاج,procurement@fcblines.com,,سعيد
التحليه الذهبيه لتحليه المياه,Riyadh,تحلية مياه,,0537009051,فهد
مؤسسة الرواسي للحديد,الدمام,حديد تسليح,sales@rawasi.example,0501112233,عبدالله
شركة نجد للعوازل,الرياض,عوازل مائية,info@najd-insul.example,0502223344,
مصنع الشرق للبلاستيك,جدة,بلاستيك,not-an-email,,
ورشة الأمانة للحدادة,مكة,حدادة,,,
شركة بلا نشاط,الرياض,,x@example.com,,
مؤسسه الرواسي للحديد,الدمام,حديد تسليح,sales@rawasi.example,,
